recall_at	dataset	method	param_name	param_value	recall	qps	source
50	nq	hnsw	point	50	0.54764	516.243	/tbase-project/vsag/scripts/UHG/results_50/mixed_alpha/nq/hnsw.txt
50	nq	hnsw	point	100	0.7037	301.574	/tbase-project/vsag/scripts/UHG/results_50/mixed_alpha/nq/hnsw.txt
50	nq	hnsw	point	150	0.77176	214.618	/tbase-project/vsag/scripts/UHG/results_50/mixed_alpha/nq/hnsw.txt
50	nq	hnsw	point	250	0.83516	138.614	/tbase-project/vsag/scripts/UHG/results_50/mixed_alpha/nq/hnsw.txt
50	nq	hnsw	point	400	0.8796	92.2144	/tbase-project/vsag/scripts/UHG/results_50/mixed_alpha/nq/hnsw.txt
50	nq	hnsw	point	500	0.89628	75.7089	/tbase-project/vsag/scripts/UHG/results_50/mixed_alpha/nq/hnsw.txt
50	nq	sindi	point	500	0.63672	310.345	/tbase-project/vsag/scripts/UHG/results_50/mixed_alpha/nq/sindi.txt
50	nq	sindi	point	750	0.67668	249.058	/tbase-project/vsag/scripts/UHG/results_50/mixed_alpha/nq/sindi.txt
50	nq	sindi	point	1000	0.70332	207.854	/tbase-project/vsag/scripts/UHG/results_50/mixed_alpha/nq/sindi.txt
50	nq	sindi	point	1500	0.73844	156.511	/tbase-project/vsag/scripts/UHG/results_50/mixed_alpha/nq/sindi.txt
50	nq	sindi	point	2500	0.7768	104.306	/tbase-project/vsag/scripts/UHG/results_50/mixed_alpha/nq/sindi.txt
50	nq	sindi	point	5000	0.8282	57.2536	/tbase-project/vsag/scripts/UHG/results_50/mixed_alpha/nq/sindi.txt
50	nq	hnsw_sindi	point	50	0.72528	262.984	/tbase-project/vsag/scripts/UHG/results_50/mixed_alpha/nq/hnsw_sindi.txt
50	nq	hnsw_sindi	point	75	0.82218	217.687	/tbase-project/vsag/scripts/UHG/results_50/mixed_alpha/nq/hnsw_sindi.txt
50	nq	hnsw_sindi	point	100	0.86916	186.561	/tbase-project/vsag/scripts/UHG/results_50/mixed_alpha/nq/hnsw_sindi.txt
50	nq	hnsw_sindi	point	150	0.91874	145.811	/tbase-project/vsag/scripts/UHG/results_50/mixed_alpha/nq/hnsw_sindi.txt
50	nq	hnsw_sindi	point	250	0.95536	102.798	/tbase-project/vsag/scripts/UHG/results_50/mixed_alpha/nq/hnsw_sindi.txt
50	nq	fhg	ef_search	50	0.77798	381.278	/tbase-project/vsag/scripts/UHG/results_50/mixed_alpha/nq/fhg.txt
50	nq	fhg	ef_search	100	0.86068	242.888	/tbase-project/vsag/scripts/UHG/results_50/mixed_alpha/nq/fhg.txt
50	nq	fhg	ef_search	150	0.89612	179.84	/tbase-project/vsag/scripts/UHG/results_50/mixed_alpha/nq/fhg.txt
50	nq	fhg	ef_search	250	0.9264	120.834	/tbase-project/vsag/scripts/UHG/results_50/mixed_alpha/nq/fhg.txt
50	nq	fhg	ef_search	500	0.95654	67.2215	/tbase-project/vsag/scripts/UHG/results_50/mixed_alpha/nq/fhg.txt
50	nq	uhg	ef_search	50	0.87388	299.005	/tbase-project/vsag/scripts/UHG/results_50/mixed_alpha/nq/uhg.txt
50	nq	uhg	ef_search	100	0.93204	184.444	/tbase-project/vsag/scripts/UHG/results_50/mixed_alpha/nq/uhg.txt
50	nq	uhg	ef_search	150	0.9552	134.923	/tbase-project/vsag/scripts/UHG/results_50/mixed_alpha/nq/uhg.txt
50	nq	uhg	ef_search	250	0.97372	88.4428	/tbase-project/vsag/scripts/UHG/results_50/mixed_alpha/nq/uhg.txt
50	nq	uhg	ef_search	500	0.98782	48.5981	/tbase-project/vsag/scripts/UHG/results_50/mixed_alpha/nq/uhg.txt
50	hotpotqa	hnsw	point	50	0.46938	369.839	/tbase-project/vsag/scripts/UHG/results_50/mixed_alpha/hotpotqa/hnsw.txt
50	hotpotqa	hnsw	point	100	0.62944	207.802	/tbase-project/vsag/scripts/UHG/results_50/mixed_alpha/hotpotqa/hnsw.txt
50	hotpotqa	hnsw	point	150	0.7081	145.605	/tbase-project/vsag/scripts/UHG/results_50/mixed_alpha/hotpotqa/hnsw.txt
50	hotpotqa	hnsw	point	250	0.78818	92.5822	/tbase-project/vsag/scripts/UHG/results_50/mixed_alpha/hotpotqa/hnsw.txt
50	hotpotqa	hnsw	point	400	0.84526	60.878	/tbase-project/vsag/scripts/UHG/results_50/mixed_alpha/hotpotqa/hnsw.txt
50	hotpotqa	hnsw	point	500	0.8677	49.9519	/tbase-project/vsag/scripts/UHG/results_50/mixed_alpha/hotpotqa/hnsw.txt
50	hotpotqa	sindi	point	500	0.7517	239.915	/tbase-project/vsag/scripts/UHG/results_50/mixed_alpha/hotpotqa/sindi.txt
50	hotpotqa	sindi	point	750	0.79208	200.546	/tbase-project/vsag/scripts/UHG/results_50/mixed_alpha/hotpotqa/sindi.txt
50	hotpotqa	sindi	point	1000	0.81686	171.948	/tbase-project/vsag/scripts/UHG/results_50/mixed_alpha/hotpotqa/sindi.txt
50	hotpotqa	sindi	point	1500	0.84686	134.123	/tbase-project/vsag/scripts/UHG/results_50/mixed_alpha/hotpotqa/sindi.txt
50	hotpotqa	sindi	point	2500	0.88048	93.0765	/tbase-project/vsag/scripts/UHG/results_50/mixed_alpha/hotpotqa/sindi.txt
50	hotpotqa	sindi	point	5000	0.91724	52.9157	/tbase-project/vsag/scripts/UHG/results_50/mixed_alpha/hotpotqa/sindi.txt
50	hotpotqa	hnsw_sindi	point	50	0.7069	182.13	/tbase-project/vsag/scripts/UHG/results_50/mixed_alpha/hotpotqa/hnsw_sindi.txt
50	hotpotqa	hnsw_sindi	point	75	0.80864	151.129	/tbase-project/vsag/scripts/UHG/results_50/mixed_alpha/hotpotqa/hnsw_sindi.txt
50	hotpotqa	hnsw_sindi	point	100	0.86354	129.015	/tbase-project/vsag/scripts/UHG/results_50/mixed_alpha/hotpotqa/hnsw_sindi.txt
50	hotpotqa	hnsw_sindi	point	150	0.91958	99.6613	/tbase-project/vsag/scripts/UHG/results_50/mixed_alpha/hotpotqa/hnsw_sindi.txt
50	hotpotqa	hnsw_sindi	point	250	0.95964	69.97	/tbase-project/vsag/scripts/UHG/results_50/mixed_alpha/hotpotqa/hnsw_sindi.txt
50	hotpotqa	fhg	ef_search	50	0.72748	265.928	/tbase-project/vsag/scripts/UHG/results_50/mixed_alpha/hotpotqa/fhg.txt
50	hotpotqa	fhg	ef_search	100	0.81998	162.945	/tbase-project/vsag/scripts/UHG/results_50/mixed_alpha/hotpotqa/fhg.txt
50	hotpotqa	fhg	ef_search	150	0.8638	118.174	/tbase-project/vsag/scripts/UHG/results_50/mixed_alpha/hotpotqa/fhg.txt
50	hotpotqa	fhg	ef_search	250	0.90548	77.8745	/tbase-project/vsag/scripts/UHG/results_50/mixed_alpha/hotpotqa/fhg.txt
50	hotpotqa	fhg	ef_search	500	0.94392	43.0834	/tbase-project/vsag/scripts/UHG/results_50/mixed_alpha/hotpotqa/fhg.txt
50	hotpotqa	uhg	ef_search	50	0.83332	208.25	/tbase-project/vsag/scripts/UHG/results_50/mixed_alpha/hotpotqa/uhg.txt
50	hotpotqa	uhg	ef_search	100	0.91524	126.505	/tbase-project/vsag/scripts/UHG/results_50/mixed_alpha/hotpotqa/uhg.txt
50	hotpotqa	uhg	ef_search	150	0.94422	92.6347	/tbase-project/vsag/scripts/UHG/results_50/mixed_alpha/hotpotqa/uhg.txt
50	hotpotqa	uhg	ef_search	250	0.9672	60.125	/tbase-project/vsag/scripts/UHG/results_50/mixed_alpha/hotpotqa/uhg.txt
50	hotpotqa	uhg	ef_search	500	0.98492	33.0595	/tbase-project/vsag/scripts/UHG/results_50/mixed_alpha/hotpotqa/uhg.txt
50	msmarco	hnsw	point	50	0.60944	778.086	/tbase-project/vsag/scripts/UHG/results_50/mixed_alpha/msmarco/hnsw.txt
50	msmarco	hnsw	point	100	0.78062	460.101	/tbase-project/vsag/scripts/UHG/results_50/mixed_alpha/msmarco/hnsw.txt
50	msmarco	hnsw	point	150	0.83958	332.159	/tbase-project/vsag/scripts/UHG/results_50/mixed_alpha/msmarco/hnsw.txt
50	msmarco	hnsw	point	250	0.89282	214.207	/tbase-project/vsag/scripts/UHG/results_50/mixed_alpha/msmarco/hnsw.txt
50	msmarco	hnsw	point	400	0.922	140.914	/tbase-project/vsag/scripts/UHG/results_50/mixed_alpha/msmarco/hnsw.txt
50	msmarco	hnsw	point	500	0.93302	114.344	/tbase-project/vsag/scripts/UHG/results_50/mixed_alpha/msmarco/hnsw.txt
50	msmarco	sindi	point	500	0.7028	292.661	/tbase-project/vsag/scripts/UHG/results_50/mixed_alpha/msmarco/sindi.txt
50	msmarco	sindi	point	750	0.73564	237.959	/tbase-project/vsag/scripts/UHG/results_50/mixed_alpha/msmarco/sindi.txt
50	msmarco	sindi	point	1000	0.75706	203.387	/tbase-project/vsag/scripts/UHG/results_50/mixed_alpha/msmarco/sindi.txt
50	msmarco	sindi	point	1500	0.78488	155.325	/tbase-project/vsag/scripts/UHG/results_50/mixed_alpha/msmarco/sindi.txt
50	msmarco	sindi	point	2500	0.81378	105.708	/tbase-project/vsag/scripts/UHG/results_50/mixed_alpha/msmarco/sindi.txt
50	msmarco	sindi	point	5000	0.84968	59.1095	/tbase-project/vsag/scripts/UHG/results_50/mixed_alpha/msmarco/sindi.txt
50	msmarco	hnsw_sindi	point	50	0.7718	290.048	/tbase-project/vsag/scripts/UHG/results_50/mixed_alpha/msmarco/hnsw_sindi.txt
50	msmarco	hnsw_sindi	point	75	0.86232	253.242	/tbase-project/vsag/scripts/UHG/results_50/mixed_alpha/msmarco/hnsw_sindi.txt
50	msmarco	hnsw_sindi	point	100	0.902	225.443	/tbase-project/vsag/scripts/UHG/results_50/mixed_alpha/msmarco/hnsw_sindi.txt
50	msmarco	hnsw_sindi	point	150	0.93798	185.09	/tbase-project/vsag/scripts/UHG/results_50/mixed_alpha/msmarco/hnsw_sindi.txt
50	msmarco	hnsw_sindi	point	250	0.96454	136.274	/tbase-project/vsag/scripts/UHG/results_50/mixed_alpha/msmarco/hnsw_sindi.txt
50	msmarco	fhg	ef_search	50	0.59916	497.387	/tbase-project/vsag/scripts/UHG/results_50/mixed_alpha/msmarco/fhg.txt
50	msmarco	fhg	ef_search	100	0.7475	307.434	/tbase-project/vsag/scripts/UHG/results_50/mixed_alpha/msmarco/fhg.txt
50	msmarco	fhg	ef_search	150	0.7977	233.953	/tbase-project/vsag/scripts/UHG/results_50/mixed_alpha/msmarco/fhg.txt
50	msmarco	fhg	ef_search	250	0.86468	159.86	/tbase-project/vsag/scripts/UHG/results_50/mixed_alpha/msmarco/fhg.txt
50	msmarco	fhg	ef_search	500	0.91474	92.8968	/tbase-project/vsag/scripts/UHG/results_50/mixed_alpha/msmarco/fhg.txt
50	msmarco	uhg	ef_search	50	0.84566	393.826	/tbase-project/vsag/scripts/UHG/results_50/mixed_alpha/msmarco/uhg.txt
50	msmarco	uhg	ef_search	100	0.93318	268.289	/tbase-project/vsag/scripts/UHG/results_50/mixed_alpha/msmarco/uhg.txt
50	msmarco	uhg	ef_search	150	0.95562	203.783	/tbase-project/vsag/scripts/UHG/results_50/mixed_alpha/msmarco/uhg.txt
50	msmarco	uhg	ef_search	250	0.97228	137.993	/tbase-project/vsag/scripts/UHG/results_50/mixed_alpha/msmarco/uhg.txt
50	msmarco	uhg	ef_search	500	0.98414	75.7614	/tbase-project/vsag/scripts/UHG/results_50/mixed_alpha/msmarco/uhg.txt
50	fever	hnsw	point	50	0.50452	375.604	/tbase-project/vsag/scripts/UHG/results_50/mixed_alpha/fever/hnsw.txt
50	fever	hnsw	point	100	0.65508	206.284	/tbase-project/vsag/scripts/UHG/results_50/mixed_alpha/fever/hnsw.txt
50	fever	hnsw	point	150	0.72422	143.776	/tbase-project/vsag/scripts/UHG/results_50/mixed_alpha/fever/hnsw.txt
50	fever	hnsw	point	250	0.79392	89.8794	/tbase-project/vsag/scripts/UHG/results_50/mixed_alpha/fever/hnsw.txt
50	fever	hnsw	point	400	0.844	58.3559	/tbase-project/vsag/scripts/UHG/results_50/mixed_alpha/fever/hnsw.txt
50	fever	hnsw	point	500	0.8643	47.6745	/tbase-project/vsag/scripts/UHG/results_50/mixed_alpha/fever/hnsw.txt
50	fever	sindi	point	500	0.83056	217.653	/tbase-project/vsag/scripts/UHG/results_50/mixed_alpha/fever/sindi.txt
50	fever	sindi	point	750	0.86334	184.56	/tbase-project/vsag/scripts/UHG/results_50/mixed_alpha/fever/sindi.txt
50	fever	sindi	point	1000	0.88452	158.812	/tbase-project/vsag/scripts/UHG/results_50/mixed_alpha/fever/sindi.txt
50	fever	sindi	point	1500	0.90688	125.125	/tbase-project/vsag/scripts/UHG/results_50/mixed_alpha/fever/sindi.txt
50	fever	sindi	point	2500	0.93144	87.3155	/tbase-project/vsag/scripts/UHG/results_50/mixed_alpha/fever/sindi.txt
50	fever	sindi	point	5000	0.95518	50.4487	/tbase-project/vsag/scripts/UHG/results_50/mixed_alpha/fever/sindi.txt
50	fever	hnsw_sindi	point	50	0.75646	173.765	/tbase-project/vsag/scripts/UHG/results_50/mixed_alpha/fever/hnsw_sindi.txt
50	fever	hnsw_sindi	point	75	0.84794	143.869	/tbase-project/vsag/scripts/UHG/results_50/mixed_alpha/fever/hnsw_sindi.txt
50	fever	hnsw_sindi	point	100	0.89176	123.727	/tbase-project/vsag/scripts/UHG/results_50/mixed_alpha/fever/hnsw_sindi.txt
50	fever	hnsw_sindi	point	150	0.93438	96.3125	/tbase-project/vsag/scripts/UHG/results_50/mixed_alpha/fever/hnsw_sindi.txt
50	fever	hnsw_sindi	point	250	0.96422	66.5112	/tbase-project/vsag/scripts/UHG/results_50/mixed_alpha/fever/hnsw_sindi.txt
50	fever	fhg	ef_search	50	0.65332	258.504	/tbase-project/vsag/scripts/UHG/results_50/mixed_alpha/fever/fhg.txt
50	fever	fhg	ef_search	100	0.82144	144.006	/tbase-project/vsag/scripts/UHG/results_50/mixed_alpha/fever/fhg.txt
50	fever	fhg	ef_search	150	0.8832	102.965	/tbase-project/vsag/scripts/UHG/results_50/mixed_alpha/fever/fhg.txt
50	fever	fhg	ef_search	250	0.92384	67.4434	/tbase-project/vsag/scripts/UHG/results_50/mixed_alpha/fever/fhg.txt
50	fever	fhg	ef_search	500	0.95266	37.5511	/tbase-project/vsag/scripts/UHG/results_50/mixed_alpha/fever/fhg.txt
50	fever	uhg	ef_search	50	0.86758	197.906	/tbase-project/vsag/scripts/UHG/results_50/mixed_alpha/fever/uhg.txt
50	fever	uhg	ef_search	100	0.9375	118.259	/tbase-project/vsag/scripts/UHG/results_50/mixed_alpha/fever/uhg.txt
50	fever	uhg	ef_search	150	0.95812	85.3877	/tbase-project/vsag/scripts/UHG/results_50/mixed_alpha/fever/uhg.txt
50	fever	uhg	ef_search	250	0.97452	54.357	/tbase-project/vsag/scripts/UHG/results_50/mixed_alpha/fever/uhg.txt
50	fever	uhg	ef_search	500	0.98822	29.2257	/tbase-project/vsag/scripts/UHG/results_50/mixed_alpha/fever/uhg.txt
50	dbpedia-entity	hnsw	point	50	0.566296	432.078	/tbase-project/vsag/scripts/UHG/results_50/mixed_alpha/dbpedia-entity/hnsw.txt
50	dbpedia-entity	hnsw	point	100	0.723512	243.357	/tbase-project/vsag/scripts/UHG/results_50/mixed_alpha/dbpedia-entity/hnsw.txt
50	dbpedia-entity	hnsw	point	150	0.790107	169.601	/tbase-project/vsag/scripts/UHG/results_50/mixed_alpha/dbpedia-entity/hnsw.txt
50	dbpedia-entity	hnsw	point	250	0.850707	105.997	/tbase-project/vsag/scripts/UHG/results_50/mixed_alpha/dbpedia-entity/hnsw.txt
50	dbpedia-entity	hnsw	point	400	0.890835	69.8938	/tbase-project/vsag/scripts/UHG/results_50/mixed_alpha/dbpedia-entity/hnsw.txt
50	dbpedia-entity	hnsw	point	500	0.905311	56.9531	/tbase-project/vsag/scripts/UHG/results_50/mixed_alpha/dbpedia-entity/hnsw.txt
50	dbpedia-entity	sindi	point	500	0.602184	391.816	/tbase-project/vsag/scripts/UHG/results_50/mixed_alpha/dbpedia-entity/sindi.txt
50	dbpedia-entity	sindi	point	750	0.642827	304.253	/tbase-project/vsag/scripts/UHG/results_50/mixed_alpha/dbpedia-entity/sindi.txt
50	dbpedia-entity	sindi	point	1000	0.668437	248.302	/tbase-project/vsag/scripts/UHG/results_50/mixed_alpha/dbpedia-entity/sindi.txt
50	dbpedia-entity	sindi	point	1500	0.704283	182.287	/tbase-project/vsag/scripts/UHG/results_50/mixed_alpha/dbpedia-entity/sindi.txt
50	dbpedia-entity	sindi	point	2500	0.746938	119.16	/tbase-project/vsag/scripts/UHG/results_50/mixed_alpha/dbpedia-entity/sindi.txt
50	dbpedia-entity	sindi	point	5000	0.798201	65.1253	/tbase-project/vsag/scripts/UHG/results_50/mixed_alpha/dbpedia-entity/sindi.txt
50	dbpedia-entity	hnsw_sindi	point	50	0.716403	222.815	/tbase-project/vsag/scripts/UHG/results_50/mixed_alpha/dbpedia-entity/hnsw_sindi.txt
50	dbpedia-entity	hnsw_sindi	point	75	0.810835	173.735	/tbase-project/vsag/scripts/UHG/results_50/mixed_alpha/dbpedia-entity/hnsw_sindi.txt
50	dbpedia-entity	hnsw_sindi	point	100	0.857302	140.97	/tbase-project/vsag/scripts/UHG/results_50/mixed_alpha/dbpedia-entity/hnsw_sindi.txt
50	dbpedia-entity	hnsw_sindi	point	150	0.905953	127.093	/tbase-project/vsag/scripts/UHG/results_50/mixed_alpha/dbpedia-entity/hnsw_sindi.txt
50	dbpedia-entity	hnsw_sindi	point	250	0.943255	84.0864	/tbase-project/vsag/scripts/UHG/results_50/mixed_alpha/dbpedia-entity/hnsw_sindi.txt
50	dbpedia-entity	fhg	ef_search	50	0.790193	335.74	/tbase-project/vsag/scripts/UHG/results_50/mixed_alpha/dbpedia-entity/fhg.txt
50	dbpedia-entity	fhg	ef_search	100	0.855546	196.765	/tbase-project/vsag/scripts/UHG/results_50/mixed_alpha/dbpedia-entity/fhg.txt
50	dbpedia-entity	fhg	ef_search	150	0.884625	141.184	/tbase-project/vsag/scripts/UHG/results_50/mixed_alpha/dbpedia-entity/fhg.txt
50	dbpedia-entity	fhg	ef_search	250	0.918501	91.8559	/tbase-project/vsag/scripts/UHG/results_50/mixed_alpha/dbpedia-entity/fhg.txt
50	dbpedia-entity	fhg	ef_search	500	0.952291	49.9848	/tbase-project/vsag/scripts/UHG/results_50/mixed_alpha/dbpedia-entity/fhg.txt
50	dbpedia-entity	uhg	ef_search	50	0.855418	301.384	/tbase-project/vsag/scripts/UHG/results_50/mixed_alpha/dbpedia-entity/uhg.txt
50	dbpedia-entity	uhg	ef_search	100	0.92424	174.063	/tbase-project/vsag/scripts/UHG/results_50/mixed_alpha/dbpedia-entity/uhg.txt
50	dbpedia-entity	uhg	ef_search	150	0.947495	122.789	/tbase-project/vsag/scripts/UHG/results_50/mixed_alpha/dbpedia-entity/uhg.txt
50	dbpedia-entity	uhg	ef_search	250	0.966895	77.7573	/tbase-project/vsag/scripts/UHG/results_50/mixed_alpha/dbpedia-entity/uhg.txt
50	dbpedia-entity	uhg	ef_search	500	0.981199	40.7946	/tbase-project/vsag/scripts/UHG/results_50/mixed_alpha/dbpedia-entity/uhg.txt
100	nq	hnsw	point	100	0.53882	298.753	/tbase-project/vsag/scripts/UHG/results/mixed_alpha/nq/hnsw.txt
100	nq	hnsw	point	200	0.69836	166.625	/tbase-project/vsag/scripts/UHG/results/mixed_alpha/nq/hnsw.txt
100	nq	hnsw	point	300	0.76834	117.469	/tbase-project/vsag/scripts/UHG/results/mixed_alpha/nq/hnsw.txt
100	nq	hnsw	point	500	0.83628	75.1309	/tbase-project/vsag/scripts/UHG/results/mixed_alpha/nq/hnsw.txt
100	nq	hnsw	point	800	0.88376	49.6088	/tbase-project/vsag/scripts/UHG/results/mixed_alpha/nq/hnsw.txt
100	nq	hnsw	point	1000	0.90231	40.8505	/tbase-project/vsag/scripts/UHG/results/mixed_alpha/nq/hnsw.txt
100	nq	sindi	point	1000	0.63646	203.307	/tbase-project/vsag/scripts/UHG/results/mixed_alpha/nq/sindi.txt
100	nq	sindi	point	1500	0.67885	155.329	/tbase-project/vsag/scripts/UHG/results/mixed_alpha/nq/sindi.txt
100	nq	sindi	point	2000	0.70673	124.292	/tbase-project/vsag/scripts/UHG/results/mixed_alpha/nq/sindi.txt
100	nq	sindi	point	3000	0.74418	88.8863	/tbase-project/vsag/scripts/UHG/results/mixed_alpha/nq/sindi.txt
100	nq	sindi	point	5000	0.78898	56.8493	/tbase-project/vsag/scripts/UHG/results/mixed_alpha/nq/sindi.txt
100	nq	sindi	point	10000	0.84156	30.047	/tbase-project/vsag/scripts/UHG/results/mixed_alpha/nq/sindi.txt
100	nq	hnsw_sindi	point	100	0.72043	185.186	/tbase-project/vsag/scripts/UHG/results/mixed_alpha/nq/hnsw_sindi.txt
100	nq	hnsw_sindi	point	150	0.81982	144.441	/tbase-project/vsag/scripts/UHG/results/mixed_alpha/nq/hnsw_sindi.txt
100	nq	hnsw_sindi	point	200	0.87154	119.206	/tbase-project/vsag/scripts/UHG/results/mixed_alpha/nq/hnsw_sindi.txt
100	nq	hnsw_sindi	point	300	0.9221	89.1104	/tbase-project/vsag/scripts/UHG/results/mixed_alpha/nq/hnsw_sindi.txt
100	nq	hnsw_sindi	point	500	0.9596	60.1561	/tbase-project/vsag/scripts/UHG/results/mixed_alpha/nq/hnsw_sindi.txt
100	nq	fhg	ef_search	100	0.81535	242.337	/tbase-project/vsag/scripts/UHG/results/mixed_alpha/nq/fhg.txt
100	nq	fhg	ef_search	200	0.88285	143.975	/tbase-project/vsag/scripts/UHG/results/mixed_alpha/nq/fhg.txt
100	nq	fhg	ef_search	300	0.91146	103.226	/tbase-project/vsag/scripts/UHG/results/mixed_alpha/nq/fhg.txt
100	nq	fhg	ef_search	500	0.93815	66.8825	/tbase-project/vsag/scripts/UHG/results/mixed_alpha/nq/fhg.txt
100	nq	fhg	ef_search	1000	0.96322	36.7228	/tbase-project/vsag/scripts/UHG/results/mixed_alpha/nq/fhg.txt
100	nq	uhg	ef_search	100	0.87929	184.293	/tbase-project/vsag/scripts/UHG/results/mixed_alpha/nq/uhg.txt
100	nq	uhg	ef_search	200	0.9391	106.334	/tbase-project/vsag/scripts/UHG/results/mixed_alpha/nq/uhg.txt
100	nq	uhg	ef_search	300	0.96042	75.6444	/tbase-project/vsag/scripts/UHG/results/mixed_alpha/nq/uhg.txt
100	nq	uhg	ef_search	500	0.97718	48.6162	/tbase-project/vsag/scripts/UHG/results/mixed_alpha/nq/uhg.txt
100	nq	uhg	ef_search	1000	0.99012	26.4886	/tbase-project/vsag/scripts/UHG/results/mixed_alpha/nq/uhg.txt
100	hotpotqa	hnsw	point	100	0.48253	207.149	/tbase-project/vsag/scripts/UHG/results/mixed_alpha/hotpotqa/hnsw.txt
100	hotpotqa	hnsw	point	200	0.64306	112.577	/tbase-project/vsag/scripts/UHG/results/mixed_alpha/hotpotqa/hnsw.txt
100	hotpotqa	hnsw	point	300	0.72263	77.7134	/tbase-project/vsag/scripts/UHG/results/mixed_alpha/hotpotqa/hnsw.txt
100	hotpotqa	hnsw	point	500	0.80285	49.8902	/tbase-project/vsag/scripts/UHG/results/mixed_alpha/hotpotqa/hnsw.txt
100	hotpotqa	hnsw	point	800	0.85965	32.948	/tbase-project/vsag/scripts/UHG/results/mixed_alpha/hotpotqa/hnsw.txt
100	hotpotqa	hnsw	point	1000	0.88176	27.0789	/tbase-project/vsag/scripts/UHG/results/mixed_alpha/hotpotqa/hnsw.txt
100	hotpotqa	sindi	point	1000	0.7334	171.772	/tbase-project/vsag/scripts/UHG/results/mixed_alpha/hotpotqa/sindi.txt
100	hotpotqa	sindi	point	1500	0.77599	133.741	/tbase-project/vsag/scripts/UHG/results/mixed_alpha/hotpotqa/sindi.txt
100	hotpotqa	sindi	point	2000	0.8031	109.277	/tbase-project/vsag/scripts/UHG/results/mixed_alpha/hotpotqa/sindi.txt
100	hotpotqa	sindi	point	3000	0.83735	80.5815	/tbase-project/vsag/scripts/UHG/results/mixed_alpha/hotpotqa/sindi.txt
100	hotpotqa	sindi	point	5000	0.87445	52.7349	/tbase-project/vsag/scripts/UHG/results/mixed_alpha/hotpotqa/sindi.txt
100	hotpotqa	sindi	point	10000	0.91194	28.4803	/tbase-project/vsag/scripts/UHG/results/mixed_alpha/hotpotqa/sindi.txt
100	hotpotqa	hnsw_sindi	point	100	0.71449	128.427	/tbase-project/vsag/scripts/UHG/results/mixed_alpha/hotpotqa/hnsw_sindi.txt
100	hotpotqa	hnsw_sindi	point	150	0.818	99.9372	/tbase-project/vsag/scripts/UHG/results/mixed_alpha/hotpotqa/hnsw_sindi.txt
100	hotpotqa	hnsw_sindi	point	200	0.87294	82.0455	/tbase-project/vsag/scripts/UHG/results/mixed_alpha/hotpotqa/hnsw_sindi.txt
100	hotpotqa	hnsw_sindi	point	300	0.92701	61.0486	/tbase-project/vsag/scripts/UHG/results/mixed_alpha/hotpotqa/hnsw_sindi.txt
100	hotpotqa	hnsw_sindi	point	500	0.96474	40.9706	/tbase-project/vsag/scripts/UHG/results/mixed_alpha/hotpotqa/hnsw_sindi.txt
100	hotpotqa	fhg	ef_search	100	0.7765	162.127	/tbase-project/vsag/scripts/UHG/results/mixed_alpha/hotpotqa/fhg.txt
100	hotpotqa	fhg	ef_search	200	0.85916	92.2896	/tbase-project/vsag/scripts/UHG/results/mixed_alpha/hotpotqa/fhg.txt
100	hotpotqa	fhg	ef_search	300	0.89465	66.3599	/tbase-project/vsag/scripts/UHG/results/mixed_alpha/hotpotqa/fhg.txt
100	hotpotqa	fhg	ef_search	500	0.92767	42.9828	/tbase-project/vsag/scripts/UHG/results/mixed_alpha/hotpotqa/fhg.txt
100	hotpotqa	fhg	ef_search	1000	0.95778	23.747	/tbase-project/vsag/scripts/UHG/results/mixed_alpha/hotpotqa/fhg.txt
100	hotpotqa	uhg	ef_search	100	0.85852	127.385	/tbase-project/vsag/scripts/UHG/results/mixed_alpha/hotpotqa/uhg.txt
100	hotpotqa	uhg	ef_search	200	0.93025	72.5668	/tbase-project/vsag/scripts/UHG/results/mixed_alpha/hotpotqa/uhg.txt
100	hotpotqa	uhg	ef_search	300	0.95545	51.4742	/tbase-project/vsag/scripts/UHG/results/mixed_alpha/hotpotqa/uhg.txt
100	hotpotqa	uhg	ef_search	500	0.97509	32.9591	/tbase-project/vsag/scripts/UHG/results/mixed_alpha/hotpotqa/uhg.txt
100	hotpotqa	uhg	ef_search	1000	0.98865	17.9064	/tbase-project/vsag/scripts/UHG/results/mixed_alpha/hotpotqa/uhg.txt
100	msmarco	hnsw	point	100	0.61474	461.767	/tbase-project/vsag/scripts/UHG/results/mixed_alpha/msmarco/hnsw.txt
100	msmarco	hnsw	point	200	0.78564	259.931	/tbase-project/vsag/scripts/UHG/results/mixed_alpha/msmarco/hnsw.txt
100	msmarco	hnsw	point	300	0.84403	182.454	/tbase-project/vsag/scripts/UHG/results/mixed_alpha/msmarco/hnsw.txt
100	msmarco	hnsw	point	500	0.89329	114.651	/tbase-project/vsag/scripts/UHG/results/mixed_alpha/msmarco/hnsw.txt
100	msmarco	hnsw	point	800	0.92403	74.4222	/tbase-project/vsag/scripts/UHG/results/mixed_alpha/msmarco/hnsw.txt
100	msmarco	hnsw	point	1000	0.93501	60.551	/tbase-project/vsag/scripts/UHG/results/mixed_alpha/msmarco/hnsw.txt
100	msmarco	sindi	point	1000	0.69863	202.602	/tbase-project/vsag/scripts/UHG/results/mixed_alpha/msmarco/sindi.txt
100	msmarco	sindi	point	1500	0.73331	154.844	/tbase-project/vsag/scripts/UHG/results/mixed_alpha/msmarco/sindi.txt
100	msmarco	sindi	point	2000	0.75548	125.798	/tbase-project/vsag/scripts/UHG/results/mixed_alpha/msmarco/sindi.txt
100	msmarco	sindi	point	3000	0.78256	91.7847	/tbase-project/vsag/scripts/UHG/results/mixed_alpha/msmarco/sindi.txt
100	msmarco	sindi	point	5000	0.81473	59.5238	/tbase-project/vsag/scripts/UHG/results/mixed_alpha/msmarco/sindi.txt
100	msmarco	sindi	point	10000	0.85425	32.0885	/tbase-project/vsag/scripts/UHG/results/mixed_alpha/msmarco/sindi.txt
100	msmarco	hnsw_sindi	point	100	0.77605	223.93	/tbase-project/vsag/scripts/UHG/results/mixed_alpha/msmarco/hnsw_sindi.txt
100	msmarco	hnsw_sindi	point	150	0.86638	185.044	/tbase-project/vsag/scripts/UHG/results/mixed_alpha/msmarco/hnsw_sindi.txt
100	msmarco	hnsw_sindi	point	200	0.90536	156.685	/tbase-project/vsag/scripts/UHG/results/mixed_alpha/msmarco/hnsw_sindi.txt
100	msmarco	hnsw_sindi	point	300	0.93962	120.249	/tbase-project/vsag/scripts/UHG/results/mixed_alpha/msmarco/hnsw_sindi.txt
100	msmarco	hnsw_sindi	point	500	0.9663	82.5538	/tbase-project/vsag/scripts/UHG/results/mixed_alpha/msmarco/hnsw_sindi.txt
100	msmarco	fhg	ef_search	100	0.72346	305.951	/tbase-project/vsag/scripts/UHG/results/mixed_alpha/msmarco/fhg.txt
100	msmarco	fhg	ef_search	200	0.82103	189.767	/tbase-project/vsag/scripts/UHG/results/mixed_alpha/msmarco/fhg.txt
100	msmarco	fhg	ef_search	300	0.86656	139.646	/tbase-project/vsag/scripts/UHG/results/mixed_alpha/msmarco/fhg.txt
100	msmarco	fhg	ef_search	500	0.90528	93.3097	/tbase-project/vsag/scripts/UHG/results/mixed_alpha/msmarco/fhg.txt
100	msmarco	fhg	ef_search	1000	0.94332	51.513	/tbase-project/vsag/scripts/UHG/results/mixed_alpha/msmarco/fhg.txt
100	msmarco	uhg	ef_search	100	0.86541	268.882	/tbase-project/vsag/scripts/UHG/results/mixed_alpha/msmarco/uhg.txt
100	msmarco	uhg	ef_search	200	0.94397	164.118	/tbase-project/vsag/scripts/UHG/results/mixed_alpha/msmarco/uhg.txt
100	msmarco	uhg	ef_search	300	0.96255	118.337	/tbase-project/vsag/scripts/UHG/results/mixed_alpha/msmarco/uhg.txt
100	msmarco	uhg	ef_search	500	0.97565	75.0734	/tbase-project/vsag/scripts/UHG/results/mixed_alpha/msmarco/uhg.txt
100	msmarco	uhg	ef_search	1000	0.98637	39.5173	/tbase-project/vsag/scripts/UHG/results/mixed_alpha/msmarco/uhg.txt
100	fever	hnsw	point	100	0.49394	206.837	/tbase-project/vsag/scripts/UHG/results/mixed_alpha/fever/hnsw.txt
100	fever	hnsw	point	200	0.64409	110.482	/tbase-project/vsag/scripts/UHG/results/mixed_alpha/fever/hnsw.txt
100	fever	hnsw	point	300	0.71621	76.0998	/tbase-project/vsag/scripts/UHG/results/mixed_alpha/fever/hnsw.txt
100	fever	hnsw	point	500	0.78786	47.5978	/tbase-project/vsag/scripts/UHG/results/mixed_alpha/fever/hnsw.txt
100	fever	hnsw	point	800	0.84116	31.037	/tbase-project/vsag/scripts/UHG/results/mixed_alpha/fever/hnsw.txt
100	fever	hnsw	point	1000	0.86191	25.3671	/tbase-project/vsag/scripts/UHG/results/mixed_alpha/fever/hnsw.txt
100	fever	sindi	point	1000	0.81031	158.643	/tbase-project/vsag/scripts/UHG/results/mixed_alpha/fever/sindi.txt
100	fever	sindi	point	1500	0.84507	124.714	/tbase-project/vsag/scripts/UHG/results/mixed_alpha/fever/sindi.txt
100	fever	sindi	point	2000	0.86694	102.547	/tbase-project/vsag/scripts/UHG/results/mixed_alpha/fever/sindi.txt
100	fever	sindi	point	3000	0.89344	76.3025	/tbase-project/vsag/scripts/UHG/results/mixed_alpha/fever/sindi.txt
100	fever	sindi	point	5000	0.92076	50.4108	/tbase-project/vsag/scripts/UHG/results/mixed_alpha/fever/sindi.txt
100	fever	sindi	point	10000	0.94794	27.5027	/tbase-project/vsag/scripts/UHG/results/mixed_alpha/fever/sindi.txt
100	fever	hnsw_sindi	point	100	0.74687	123.046	/tbase-project/vsag/scripts/UHG/results/mixed_alpha/fever/hnsw_sindi.txt
100	fever	hnsw_sindi	point	150	0.83814	95.6923	/tbase-project/vsag/scripts/UHG/results/mixed_alpha/fever/hnsw_sindi.txt
100	fever	hnsw_sindi	point	200	0.88538	78.7141	/tbase-project/vsag/scripts/UHG/results/mixed_alpha/fever/hnsw_sindi.txt
100	fever	hnsw_sindi	point	300	0.93057	58.414	/tbase-project/vsag/scripts/UHG/results/mixed_alpha/fever/hnsw_sindi.txt
100	fever	hnsw_sindi	point	500	0.96401	38.8712	/tbase-project/vsag/scripts/UHG/results/mixed_alpha/fever/hnsw_sindi.txt
100	fever	fhg	ef_search	100	0.77491	143.736	/tbase-project/vsag/scripts/UHG/results/mixed_alpha/fever/fhg.txt
100	fever	fhg	ef_search	200	0.87606	80.8145	/tbase-project/vsag/scripts/UHG/results/mixed_alpha/fever/fhg.txt
100	fever	fhg	ef_search	300	0.90863	57.8599	/tbase-project/vsag/scripts/UHG/results/mixed_alpha/fever/fhg.txt
100	fever	fhg	ef_search	500	0.93402	37.5565	/tbase-project/vsag/scripts/UHG/results/mixed_alpha/fever/fhg.txt
100	fever	fhg	ef_search	1000	0.9569	20.6222	/tbase-project/vsag/scripts/UHG/results/mixed_alpha/fever/fhg.txt
100	fever	uhg	ef_search	100	0.87909	118.287	/tbase-project/vsag/scripts/UHG/results/mixed_alpha/fever/uhg.txt
100	fever	uhg	ef_search	200	0.94115	65.587	/tbase-project/vsag/scripts/UHG/results/mixed_alpha/fever/uhg.txt
100	fever	uhg	ef_search	300	0.9613	46.5348	/tbase-project/vsag/scripts/UHG/results/mixed_alpha/fever/uhg.txt
100	fever	uhg	ef_search	500	0.97815	29.2625	/tbase-project/vsag/scripts/UHG/results/mixed_alpha/fever/uhg.txt
100	fever	uhg	ef_search	1000	0.98954	15.6073	/tbase-project/vsag/scripts/UHG/results/mixed_alpha/fever/uhg.txt
100	dbpedia-entity	hnsw	point	100	0.566467	242.058	/tbase-project/vsag/scripts/UHG/results/mixed_alpha/dbpedia-entity/hnsw.txt
100	dbpedia-entity	hnsw	point	200	0.729165	130.406	/tbase-project/vsag/scripts/UHG/results/mixed_alpha/dbpedia-entity/hnsw.txt
100	dbpedia-entity	hnsw	point	300	0.794561	90.4613	/tbase-project/vsag/scripts/UHG/results/mixed_alpha/dbpedia-entity/hnsw.txt
100	dbpedia-entity	hnsw	point	500	0.853105	56.7988	/tbase-project/vsag/scripts/UHG/results/mixed_alpha/dbpedia-entity/hnsw.txt
100	dbpedia-entity	hnsw	point	800	0.89576	37.0808	/tbase-project/vsag/scripts/UHG/results/mixed_alpha/dbpedia-entity/hnsw.txt
100	dbpedia-entity	hnsw	point	1000	0.911649	30.1776	/tbase-project/vsag/scripts/UHG/results/mixed_alpha/dbpedia-entity/hnsw.txt
100	dbpedia-entity	sindi	point	1000	0.605675	246.906	/tbase-project/vsag/scripts/UHG/results/mixed_alpha/dbpedia-entity/sindi.txt
100	dbpedia-entity	sindi	point	1500	0.646788	182.305	/tbase-project/vsag/scripts/UHG/results/mixed_alpha/dbpedia-entity/sindi.txt
100	dbpedia-entity	sindi	point	2000	0.674754	143.738	/tbase-project/vsag/scripts/UHG/results/mixed_alpha/dbpedia-entity/sindi.txt
100	dbpedia-entity	sindi	point	3000	0.714026	101.857	/tbase-project/vsag/scripts/UHG/results/mixed_alpha/dbpedia-entity/sindi.txt
100	dbpedia-entity	sindi	point	5000	0.758758	64.9085	/tbase-project/vsag/scripts/UHG/results/mixed_alpha/dbpedia-entity/sindi.txt
100	dbpedia-entity	sindi	point	10000	0.806488	34.9422	/tbase-project/vsag/scripts/UHG/results/mixed_alpha/dbpedia-entity/sindi.txt
100	dbpedia-entity	hnsw_sindi	point	100	0.723812	179.747	/tbase-project/vsag/scripts/UHG/results/mixed_alpha/dbpedia-entity/hnsw_sindi.txt
100	dbpedia-entity	hnsw_sindi	point	150	0.822741	132.945	/tbase-project/vsag/scripts/UHG/results/mixed_alpha/dbpedia-entity/hnsw_sindi.txt
100	dbpedia-entity	hnsw_sindi	point	200	0.871285	105.94	/tbase-project/vsag/scripts/UHG/results/mixed_alpha/dbpedia-entity/hnsw_sindi.txt
100	dbpedia-entity	hnsw_sindi	point	300	0.917859	75.5705	/tbase-project/vsag/scripts/UHG/results/mixed_alpha/dbpedia-entity/hnsw_sindi.txt
100	dbpedia-entity	hnsw_sindi	point	500	0.951071	49.2759	/tbase-project/vsag/scripts/UHG/results/mixed_alpha/dbpedia-entity/hnsw_sindi.txt
100	dbpedia-entity	fhg	ef_search	100	0.814261	195.416	/tbase-project/vsag/scripts/UHG/results/mixed_alpha/dbpedia-entity/fhg.txt
100	dbpedia-entity	fhg	ef_search	200	0.878458	111.121	/tbase-project/vsag/scripts/UHG/results/mixed_alpha/dbpedia-entity/fhg.txt
100	dbpedia-entity	fhg	ef_search	300	0.905161	78.7148	/tbase-project/vsag/scripts/UHG/results/mixed_alpha/dbpedia-entity/fhg.txt
100	dbpedia-entity	fhg	ef_search	500	0.93651	50.0052	/tbase-project/vsag/scripts/UHG/results/mixed_alpha/dbpedia-entity/fhg.txt
100	dbpedia-entity	fhg	ef_search	1000	0.959615	26.9959	/tbase-project/vsag/scripts/UHG/results/mixed_alpha/dbpedia-entity/fhg.txt
100	dbpedia-entity	uhg	ef_search	100	0.875717	173.436	/tbase-project/vsag/scripts/UHG/results/mixed_alpha/dbpedia-entity/uhg.txt
100	dbpedia-entity	uhg	ef_search	200	0.937066	94.2439	/tbase-project/vsag/scripts/UHG/results/mixed_alpha/dbpedia-entity/uhg.txt
100	dbpedia-entity	uhg	ef_search	300	0.955974	65.4797	/tbase-project/vsag/scripts/UHG/results/mixed_alpha/dbpedia-entity/uhg.txt
100	dbpedia-entity	uhg	ef_search	500	0.971734	40.7898	/tbase-project/vsag/scripts/UHG/results/mixed_alpha/dbpedia-entity/uhg.txt
100	dbpedia-entity	uhg	ef_search	1000	0.98546	21.4354	/tbase-project/vsag/scripts/UHG/results/mixed_alpha/dbpedia-entity/uhg.txt
200	nq	hnsw	ef_search	200	0.5377	164.957	/tbase-project/vsag/scripts/UHG/mixed_alpha/results/recall_200/nq/hnsw.txt
200	nq	hnsw	ef_search	400	0.699835	89.6824	/tbase-project/vsag/scripts/UHG/mixed_alpha/results/recall_200/nq/hnsw.txt
200	nq	hnsw	ef_search	600	0.772895	63.5183	/tbase-project/vsag/scripts/UHG/mixed_alpha/results/recall_200/nq/hnsw.txt
200	nq	hnsw	ef_search	1000	0.84377	40.559	/tbase-project/vsag/scripts/UHG/mixed_alpha/results/recall_200/nq/hnsw.txt
200	nq	hnsw	ef_search	1600	0.890885	26.9057	/tbase-project/vsag/scripts/UHG/mixed_alpha/results/recall_200/nq/hnsw.txt
200	nq	hnsw	ef_search	2000	0.908855	22.0828	/tbase-project/vsag/scripts/UHG/mixed_alpha/results/recall_200/nq/hnsw.txt
200	nq	sindi	bk	2000	0.636165	124.19	/tbase-project/vsag/scripts/UHG/mixed_alpha/results/recall_200/nq/sindi.txt
200	nq	sindi	bk	3000	0.681445	88.7146	/tbase-project/vsag/scripts/UHG/mixed_alpha/results/recall_200/nq/sindi.txt
200	nq	sindi	bk	4000	0.71282	69.1351	/tbase-project/vsag/scripts/UHG/mixed_alpha/results/recall_200/nq/sindi.txt
200	nq	sindi	bk	6000	0.751995	48.071	/tbase-project/vsag/scripts/UHG/mixed_alpha/results/recall_200/nq/sindi.txt
200	nq	sindi	bk	10000	0.79885	29.979	/tbase-project/vsag/scripts/UHG/mixed_alpha/results/recall_200/nq/sindi.txt
200	nq	sindi	bk	20000	0.85095	15.5247	/tbase-project/vsag/scripts/UHG/mixed_alpha/results/recall_200/nq/sindi.txt
200	nq	hnsw_sindi	point	200	0.724225	118.737	/tbase-project/vsag/scripts/UHG/mixed_alpha/results/recall_200/nq/hnsw_sindi.txt
200	nq	hnsw_sindi	point	300	0.826095	87.6157	/tbase-project/vsag/scripts/UHG/mixed_alpha/results/recall_200/nq/hnsw_sindi.txt
200	nq	hnsw_sindi	point	400	0.878205	70.4241	/tbase-project/vsag/scripts/UHG/mixed_alpha/results/recall_200/nq/hnsw_sindi.txt
200	nq	hnsw_sindi	point	600	0.92886	51.5896	/tbase-project/vsag/scripts/UHG/mixed_alpha/results/recall_200/nq/hnsw_sindi.txt
200	nq	hnsw_sindi	point	1000	0.9656	33.7702	/tbase-project/vsag/scripts/UHG/mixed_alpha/results/recall_200/nq/hnsw_sindi.txt
200	nq	fhg	ef_search	200	0.834595	140.635	/tbase-project/vsag/scripts/UHG/mixed_alpha/results/recall_200/nq/fhg.txt
200	nq	fhg	ef_search	400	0.89481	79.9498	/tbase-project/vsag/scripts/UHG/mixed_alpha/results/recall_200/nq/fhg.txt
200	nq	fhg	ef_search	600	0.920845	56.0648	/tbase-project/vsag/scripts/UHG/mixed_alpha/results/recall_200/nq/fhg.txt
200	nq	fhg	ef_search	1000	0.94616	35.8289	/tbase-project/vsag/scripts/UHG/mixed_alpha/results/recall_200/nq/fhg.txt
200	nq	fhg	ef_search	2000	0.96904	19.654	/tbase-project/vsag/scripts/UHG/mixed_alpha/results/recall_200/nq/fhg.txt
200	nq	uhg	ef_search	200	0.889685	105.105	/tbase-project/vsag/scripts/UHG/mixed_alpha/results/recall_200/nq/uhg.txt
200	nq	uhg	ef_search	400	0.945535	58.1213	/tbase-project/vsag/scripts/UHG/mixed_alpha/results/recall_200/nq/uhg.txt
200	nq	uhg	ef_search	600	0.96537	40.6841	/tbase-project/vsag/scripts/UHG/mixed_alpha/results/recall_200/nq/uhg.txt
200	nq	uhg	ef_search	1000	0.981005	25.9726	/tbase-project/vsag/scripts/UHG/mixed_alpha/results/recall_200/nq/uhg.txt
200	nq	uhg	ef_search	2000	0.992315	14.1323	/tbase-project/vsag/scripts/UHG/mixed_alpha/results/recall_200/nq/uhg.txt
200	hotpotqa	hnsw	ef_search	200	0.49477	111.295	/tbase-project/vsag/scripts/UHG/mixed_alpha/results/recall_200/hotpotqa/hnsw.txt
200	hotpotqa	hnsw	ef_search	400	0.657925	59.6832	/tbase-project/vsag/scripts/UHG/mixed_alpha/results/recall_200/hotpotqa/hnsw.txt
200	hotpotqa	hnsw	ef_search	600	0.73669	41.6727	/tbase-project/vsag/scripts/UHG/mixed_alpha/results/recall_200/hotpotqa/hnsw.txt
200	hotpotqa	hnsw	ef_search	1000	0.81689	26.6379	/tbase-project/vsag/scripts/UHG/mixed_alpha/results/recall_200/hotpotqa/hnsw.txt
200	hotpotqa	hnsw	ef_search	1600	0.873355	17.6086	/tbase-project/vsag/scripts/UHG/mixed_alpha/results/recall_200/hotpotqa/hnsw.txt
200	hotpotqa	hnsw	ef_search	2000	0.89462	14.5134	/tbase-project/vsag/scripts/UHG/mixed_alpha/results/recall_200/hotpotqa/hnsw.txt
200	hotpotqa	sindi	bk	2000	0.7219	108.46	/tbase-project/vsag/scripts/UHG/mixed_alpha/results/recall_200/hotpotqa/sindi.txt
200	hotpotqa	sindi	bk	3000	0.76623	79.815	/tbase-project/vsag/scripts/UHG/mixed_alpha/results/recall_200/hotpotqa/sindi.txt
200	hotpotqa	sindi	bk	4000	0.79512	63.2509	/tbase-project/vsag/scripts/UHG/mixed_alpha/results/recall_200/hotpotqa/sindi.txt
200	hotpotqa	sindi	bk	6000	0.83041	44.6856	/tbase-project/vsag/scripts/UHG/mixed_alpha/results/recall_200/hotpotqa/sindi.txt
200	hotpotqa	sindi	bk	10000	0.868915	28.2905	/tbase-project/vsag/scripts/UHG/mixed_alpha/results/recall_200/hotpotqa/sindi.txt
200	hotpotqa	sindi	bk	20000	0.910295	14.824	/tbase-project/vsag/scripts/UHG/mixed_alpha/results/recall_200/hotpotqa/sindi.txt
200	hotpotqa	hnsw_sindi	point	200	0.722345	80.8545	/tbase-project/vsag/scripts/UHG/mixed_alpha/results/recall_200/hotpotqa/hnsw_sindi.txt
200	hotpotqa	hnsw_sindi	point	300	0.828065	60.0561	/tbase-project/vsag/scripts/UHG/mixed_alpha/results/recall_200/hotpotqa/hnsw_sindi.txt
200	hotpotqa	hnsw_sindi	point	400	0.883745	48.0616	/tbase-project/vsag/scripts/UHG/mixed_alpha/results/recall_200/hotpotqa/hnsw_sindi.txt
200	hotpotqa	hnsw_sindi	point	600	0.936635	34.8355	/tbase-project/vsag/scripts/UHG/mixed_alpha/results/recall_200/hotpotqa/hnsw_sindi.txt
200	hotpotqa	hnsw_sindi	point	1000	0.9718	22.8024	/tbase-project/vsag/scripts/UHG/mixed_alpha/results/recall_200/hotpotqa/hnsw_sindi.txt
200	hotpotqa	fhg	ef_search	200	0.811285	90.8143	/tbase-project/vsag/scripts/UHG/mixed_alpha/results/recall_200/hotpotqa/fhg.txt
200	hotpotqa	fhg	ef_search	400	0.88179	51.1519	/tbase-project/vsag/scripts/UHG/mixed_alpha/results/recall_200/hotpotqa/fhg.txt
200	hotpotqa	fhg	ef_search	600	0.9132	36.259	/tbase-project/vsag/scripts/UHG/mixed_alpha/results/recall_200/hotpotqa/fhg.txt
200	hotpotqa	fhg	ef_search	1000	0.94129	23.3445	/tbase-project/vsag/scripts/UHG/mixed_alpha/results/recall_200/hotpotqa/fhg.txt
200	hotpotqa	fhg	ef_search	2000	0.966115	12.9585	/tbase-project/vsag/scripts/UHG/mixed_alpha/results/recall_200/hotpotqa/fhg.txt
200	hotpotqa	uhg	ef_search	200	0.8764	71.875	/tbase-project/vsag/scripts/UHG/mixed_alpha/results/recall_200/hotpotqa/uhg.txt
200	hotpotqa	uhg	ef_search	400	0.94123	39.3483	/tbase-project/vsag/scripts/UHG/mixed_alpha/results/recall_200/hotpotqa/uhg.txt
200	hotpotqa	uhg	ef_search	600	0.963205	27.6096	/tbase-project/vsag/scripts/UHG/mixed_alpha/results/recall_200/hotpotqa/uhg.txt
200	hotpotqa	uhg	ef_search	1000	0.980005	17.4167	/tbase-project/vsag/scripts/UHG/mixed_alpha/results/recall_200/hotpotqa/uhg.txt
200	hotpotqa	uhg	ef_search	2000	0.99152	9.61545	/tbase-project/vsag/scripts/UHG/mixed_alpha/results/recall_200/hotpotqa/uhg.txt
200	msmarco	hnsw	ef_search	200	0.616325	258.196	/tbase-project/vsag/scripts/UHG/mixed_alpha/results/recall_200/msmarco/hnsw.txt
200	msmarco	hnsw	ef_search	400	0.78463	138.163	/tbase-project/vsag/scripts/UHG/mixed_alpha/results/recall_200/msmarco/hnsw.txt
200	msmarco	hnsw	ef_search	600	0.84501	95.349	/tbase-project/vsag/scripts/UHG/mixed_alpha/results/recall_200/msmarco/hnsw.txt
200	msmarco	hnsw	ef_search	1000	0.8961	59.4813	/tbase-project/vsag/scripts/UHG/mixed_alpha/results/recall_200/msmarco/hnsw.txt
200	msmarco	hnsw	ef_search	1600	0.926335	38.4709	/tbase-project/vsag/scripts/UHG/mixed_alpha/results/recall_200/msmarco/hnsw.txt
200	msmarco	hnsw	ef_search	2000	0.938215	31.1845	/tbase-project/vsag/scripts/UHG/mixed_alpha/results/recall_200/msmarco/hnsw.txt
200	msmarco	sindi	bk	2000	0.69257	124.368	/tbase-project/vsag/scripts/UHG/mixed_alpha/results/recall_200/msmarco/sindi.txt
200	msmarco	sindi	bk	3000	0.726575	90.2589	/tbase-project/vsag/scripts/UHG/mixed_alpha/results/recall_200/msmarco/sindi.txt
200	msmarco	sindi	bk	4000	0.749795	71.296	/tbase-project/vsag/scripts/UHG/mixed_alpha/results/recall_200/msmarco/sindi.txt
200	msmarco	sindi	bk	6000	0.77988	50.3456	/tbase-project/vsag/scripts/UHG/mixed_alpha/results/recall_200/msmarco/sindi.txt
200	msmarco	sindi	bk	10000	0.815565	31.8561	/tbase-project/vsag/scripts/UHG/mixed_alpha/results/recall_200/msmarco/sindi.txt
200	msmarco	sindi	bk	20000	0.858765	16.7838	/tbase-project/vsag/scripts/UHG/mixed_alpha/results/recall_200/msmarco/sindi.txt
200	msmarco	hnsw_sindi	point	200	0.777195	155.148	/tbase-project/vsag/scripts/UHG/mixed_alpha/results/recall_200/msmarco/hnsw_sindi.txt
200	msmarco	hnsw_sindi	point	300	0.86615	80.0158	/tbase-project/vsag/scripts/UHG/mixed_alpha/results/recall_200/msmarco/hnsw_sindi.txt
200	msmarco	hnsw_sindi	point	400	0.90541	65.4882	/tbase-project/vsag/scripts/UHG/mixed_alpha/results/recall_200/msmarco/hnsw_sindi.txt
200	msmarco	hnsw_sindi	point	600	0.942635	50.2446	/tbase-project/vsag/scripts/UHG/mixed_alpha/results/recall_200/msmarco/hnsw_sindi.txt
200	msmarco	hnsw_sindi	point	1000	0.96961	33.0517	/tbase-project/vsag/scripts/UHG/mixed_alpha/results/recall_200/msmarco/hnsw_sindi.txt
200	msmarco	fhg	ef_search	200	0.785845	182.33	/tbase-project/vsag/scripts/UHG/mixed_alpha/results/recall_200/msmarco/fhg.txt
200	msmarco	fhg	ef_search	400	0.867225	107.302	/tbase-project/vsag/scripts/UHG/mixed_alpha/results/recall_200/msmarco/fhg.txt
200	msmarco	fhg	ef_search	600	0.899375	76.2267	/tbase-project/vsag/scripts/UHG/mixed_alpha/results/recall_200/msmarco/fhg.txt
200	msmarco	fhg	ef_search	1000	0.928925	49.2362	/tbase-project/vsag/scripts/UHG/mixed_alpha/results/recall_200/msmarco/fhg.txt
200	msmarco	fhg	ef_search	2000	0.951255	26.5579	/tbase-project/vsag/scripts/UHG/mixed_alpha/results/recall_200/msmarco/fhg.txt
200	msmarco	uhg	ef_search	200	0.88421	162.455	/tbase-project/vsag/scripts/UHG/mixed_alpha/results/recall_200/msmarco/uhg.txt
200	msmarco	uhg	ef_search	400	0.94968	91.2042	/tbase-project/vsag/scripts/UHG/mixed_alpha/results/recall_200/msmarco/uhg.txt
200	msmarco	uhg	ef_search	600	0.965455	62.9231	/tbase-project/vsag/scripts/UHG/mixed_alpha/results/recall_200/msmarco/uhg.txt
200	msmarco	uhg	ef_search	1000	0.977655	39.0602	/tbase-project/vsag/scripts/UHG/mixed_alpha/results/recall_200/msmarco/uhg.txt
200	msmarco	uhg	ef_search	2000	0.98761	20.2046	/tbase-project/vsag/scripts/UHG/mixed_alpha/results/recall_200/msmarco/uhg.txt
200	fever	hnsw	ef_search	200	0.483595	108.342	/tbase-project/vsag/scripts/UHG/mixed_alpha/results/recall_200/fever/hnsw.txt
200	fever	hnsw	ef_search	400	0.635525	57.7978	/tbase-project/vsag/scripts/UHG/mixed_alpha/results/recall_200/fever/hnsw.txt
200	fever	hnsw	ef_search	600	0.709675	39.9126	/tbase-project/vsag/scripts/UHG/mixed_alpha/results/recall_200/fever/hnsw.txt
200	fever	hnsw	ef_search	1000	0.785705	25.1827	/tbase-project/vsag/scripts/UHG/mixed_alpha/results/recall_200/fever/hnsw.txt
200	fever	hnsw	ef_search	1600	0.842925	16.4554	/tbase-project/vsag/scripts/UHG/mixed_alpha/results/recall_200/fever/hnsw.txt
200	fever	hnsw	ef_search	2000	0.86522	13.4756	/tbase-project/vsag/scripts/UHG/mixed_alpha/results/recall_200/fever/hnsw.txt
200	fever	sindi	bk	2000	0.787135	84.7183	/tbase-project/vsag/scripts/UHG/mixed_alpha/results/recall_200/fever/sindi.txt
200	fever	sindi	bk	3000	0.825365	64.1566	/tbase-project/vsag/scripts/UHG/mixed_alpha/results/recall_200/fever/sindi.txt
200	fever	sindi	bk	4000	0.849035	46.3602	/tbase-project/vsag/scripts/UHG/mixed_alpha/results/recall_200/fever/sindi.txt
200	fever	sindi	bk	6000	0.877965	32.847	/tbase-project/vsag/scripts/UHG/mixed_alpha/results/recall_200/fever/sindi.txt
200	fever	sindi	bk	10000	0.90834	21.0639	/tbase-project/vsag/scripts/UHG/mixed_alpha/results/recall_200/fever/sindi.txt
200	fever	sindi	bk	20000	0.939535	11.6142	/tbase-project/vsag/scripts/UHG/mixed_alpha/results/recall_200/fever/sindi.txt
200	fever	hnsw_sindi	point	200	0.73548	54.6214	/tbase-project/vsag/scripts/UHG/mixed_alpha/results/recall_200/fever/hnsw_sindi.txt
200	fever	hnsw_sindi	point	300	0.830515	40.3605	/tbase-project/vsag/scripts/UHG/mixed_alpha/results/recall_200/fever/hnsw_sindi.txt
200	fever	hnsw_sindi	point	400	0.88002	35.6039	/tbase-project/vsag/scripts/UHG/mixed_alpha/results/recall_200/fever/hnsw_sindi.txt
200	fever	hnsw_sindi	point	600	0.927835	30.3894	/tbase-project/vsag/scripts/UHG/mixed_alpha/results/recall_200/fever/hnsw_sindi.txt
200	fever	hnsw_sindi	point	1000	0.96347	21.2112	/tbase-project/vsag/scripts/UHG/mixed_alpha/results/recall_200/fever/hnsw_sindi.txt
200	fever	fhg	ef_search	200	0.82353	79.4975	/tbase-project/vsag/scripts/UHG/mixed_alpha/results/recall_200/fever/fhg.txt
200	fever	fhg	ef_search	400	0.890385	44.4283	/tbase-project/vsag/scripts/UHG/mixed_alpha/results/recall_200/fever/fhg.txt
200	fever	fhg	ef_search	600	0.91629	31.5383	/tbase-project/vsag/scripts/UHG/mixed_alpha/results/recall_200/fever/fhg.txt
200	fever	fhg	ef_search	1000	0.93988	20.3174	/tbase-project/vsag/scripts/UHG/mixed_alpha/results/recall_200/fever/fhg.txt
200	fever	fhg	ef_search	2000	0.962025	11.2415	/tbase-project/vsag/scripts/UHG/mixed_alpha/results/recall_200/fever/fhg.txt
200	fever	uhg	ef_search	200	0.88503	64.7531	/tbase-project/vsag/scripts/UHG/mixed_alpha/results/recall_200/fever/uhg.txt
200	fever	uhg	ef_search	400	0.94561	34.65	/tbase-project/vsag/scripts/UHG/mixed_alpha/results/recall_200/fever/uhg.txt
200	fever	uhg	ef_search	600	0.96531	23.9627	/tbase-project/vsag/scripts/UHG/mixed_alpha/results/recall_200/fever/uhg.txt
200	fever	uhg	ef_search	1000	0.98031	15.1406	/tbase-project/vsag/scripts/UHG/mixed_alpha/results/recall_200/fever/uhg.txt
200	fever	uhg	ef_search	2000	0.991405	8.17361	/tbase-project/vsag/scripts/UHG/mixed_alpha/results/recall_200/fever/uhg.txt
200	dbpedia-entity	hnsw	ef_search	200	0.566638	127.247	/tbase-project/vsag/scripts/UHG/mixed_alpha/results/recall_200/dbpedia-entity/hnsw.txt
200	dbpedia-entity	hnsw	ef_search	400	0.732206	67.5429	/tbase-project/vsag/scripts/UHG/mixed_alpha/results/recall_200/dbpedia-entity/hnsw.txt
200	dbpedia-entity	hnsw	ef_search	600	0.799229	46.7736	/tbase-project/vsag/scripts/UHG/mixed_alpha/results/recall_200/dbpedia-entity/hnsw.txt
200	dbpedia-entity	hnsw	ef_search	1000	0.860375	23.9328	/tbase-project/vsag/scripts/UHG/mixed_alpha/results/recall_200/dbpedia-entity/hnsw.txt
200	dbpedia-entity	hnsw	ef_search	1600	0.901295	13.6788	/tbase-project/vsag/scripts/UHG/mixed_alpha/results/recall_200/dbpedia-entity/hnsw.txt
200	dbpedia-entity	hnsw	ef_search	2000	0.916199	10.9918	/tbase-project/vsag/scripts/UHG/mixed_alpha/results/recall_200/dbpedia-entity/hnsw.txt
200	dbpedia-entity	sindi	bk	2000	0.609625	142.018	/tbase-project/vsag/scripts/UHG/mixed_alpha/results/recall_200/dbpedia-entity/sindi.txt
200	dbpedia-entity	sindi	bk	3000	0.655439	100.548	/tbase-project/vsag/scripts/UHG/mixed_alpha/results/recall_200/dbpedia-entity/sindi.txt
200	dbpedia-entity	sindi	bk	4000	0.685332	78.0033	/tbase-project/vsag/scripts/UHG/mixed_alpha/results/recall_200/dbpedia-entity/sindi.txt
200	dbpedia-entity	sindi	bk	6000	0.723929	54.5681	/tbase-project/vsag/scripts/UHG/mixed_alpha/results/recall_200/dbpedia-entity/sindi.txt
200	dbpedia-entity	sindi	bk	10000	0.76637	34.3185	/tbase-project/vsag/scripts/UHG/mixed_alpha/results/recall_200/dbpedia-entity/sindi.txt
200	dbpedia-entity	sindi	bk	20000	0.809283	18.6545	/tbase-project/vsag/scripts/UHG/mixed_alpha/results/recall_200/dbpedia-entity/sindi.txt
200	dbpedia-entity	hnsw_sindi	point	200	0.732495	104.78	/tbase-project/vsag/scripts/UHG/mixed_alpha/results/recall_200/dbpedia-entity/hnsw_sindi.txt
200	dbpedia-entity	hnsw_sindi	point	300	0.832602	74.2174	/tbase-project/vsag/scripts/UHG/mixed_alpha/results/recall_200/dbpedia-entity/hnsw_sindi.txt
200	dbpedia-entity	hnsw_sindi	point	400	0.880471	58.4224	/tbase-project/vsag/scripts/UHG/mixed_alpha/results/recall_200/dbpedia-entity/hnsw_sindi.txt
200	dbpedia-entity	hnsw_sindi	point	600	0.925653	41.2175	/tbase-project/vsag/scripts/UHG/mixed_alpha/results/recall_200/dbpedia-entity/hnsw_sindi.txt
200	dbpedia-entity	hnsw_sindi	point	1000	0.959347	26.2067	/tbase-project/vsag/scripts/UHG/mixed_alpha/results/recall_200/dbpedia-entity/hnsw_sindi.txt
200	dbpedia-entity	fhg	ef_search	200	0.837388	81.4923	/tbase-project/vsag/scripts/UHG/mixed_alpha/results/recall_200/dbpedia-entity/fhg.txt
200	dbpedia-entity	fhg	ef_search	400	0.900128	44.49	/tbase-project/vsag/scripts/UHG/mixed_alpha/results/recall_200/dbpedia-entity/fhg.txt
200	dbpedia-entity	fhg	ef_search	600	0.924786	31.0872	/tbase-project/vsag/scripts/UHG/mixed_alpha/results/recall_200/dbpedia-entity/fhg.txt
200	dbpedia-entity	fhg	ef_search	1000	0.945792	19.9016	/tbase-project/vsag/scripts/UHG/mixed_alpha/results/recall_200/dbpedia-entity/fhg.txt
200	dbpedia-entity	fhg	ef_search	2000	0.965054	10.3868	/tbase-project/vsag/scripts/UHG/mixed_alpha/results/recall_200/dbpedia-entity/fhg.txt
200	dbpedia-entity	uhg	ef_search	200	0.892291	92.2457	/tbase-project/vsag/scripts/UHG/mixed_alpha/results/recall_200/dbpedia-entity/uhg.txt
200	dbpedia-entity	uhg	ef_search	400	0.946178	48.2076	/tbase-project/vsag/scripts/UHG/mixed_alpha/results/recall_200/dbpedia-entity/uhg.txt
200	dbpedia-entity	uhg	ef_search	600	0.963469	33.4684	/tbase-project/vsag/scripts/UHG/mixed_alpha/results/recall_200/dbpedia-entity/uhg.txt
200	dbpedia-entity	uhg	ef_search	1000	0.978233	20.7456	/tbase-project/vsag/scripts/UHG/mixed_alpha/results/recall_200/dbpedia-entity/uhg.txt
200	dbpedia-entity	uhg	ef_search	2000	0.989957	10.988	/tbase-project/vsag/scripts/UHG/mixed_alpha/results/recall_200/dbpedia-entity/uhg.txt
