recall_at	dataset	method	point	recall	qps
10	nq	hnsw	10	0.5475	1537.58
10	nq	hnsw	20	0.7075	997.314
10	nq	hnsw	30	0.771	754.689
10	nq	hnsw	50	0.8325	519.277
10	nq	hnsw	80	0.8742	358.443
10	nq	hnsw	100	0.8903	294.277
10	nq	sindi	100	0.6295	516.015
10	nq	sindi	150	0.6675	475.489
10	nq	sindi	200	0.6901	439.974
10	nq	sindi	300	0.72	385.818
10	nq	sindi	500	0.7599	306.718
10	nq	sindi	1000	0.7999	207.403
10	nq	hnsw_sindi	10	0.7212	408.78
10	nq	hnsw_sindi	15	0.8122	378.809
10	nq	hnsw_sindi	20	0.8597	354.212
10	nq	hnsw_sindi	30	0.9095	316.232
10	nq	hnsw_sindi	50	0.9485	260.528
10	nq	hnsw_sindi	100	0.9771	183.586
10	nq	fhg	10	0.5255	950.535
10	nq	fhg	20	0.6893	644.474
10	nq	fhg	30	0.7642	507.332
10	nq	fhg	50	0.8346	371.449
10	nq	fhg	80	0.8855	279.943
10	nq	fhg	100	0.9068	239.612
10	nq	uhg	10	0.833	597.103
10	nq	uhg	20	0.9062	467.036
10	nq	uhg	30	0.9308	387.834
10	nq	uhg	50	0.9564	288.909
10	nq	uhg	80	0.971	211.457
10	nq	uhg	100	0.9777	180.155
10	hotpotqa	hnsw	10	0.4142	1071.99
10	hotpotqa	hnsw	20	0.5699	724.428
10	hotpotqa	hnsw	30	0.6578	543.171
10	hotpotqa	hnsw	50	0.7379	366.818
10	hotpotqa	hnsw	80	0.8045	248.799
10	hotpotqa	hnsw	100	0.8309	204.606
10	hotpotqa	sindi	100	0.8047	349.933
10	hotpotqa	sindi	150	0.8387	327.516
10	hotpotqa	sindi	200	0.8604	312.194
10	hotpotqa	sindi	300	0.8854	282.423
10	hotpotqa	sindi	500	0.9115	237.341
10	hotpotqa	sindi	1000	0.9371	169.8
10	hotpotqa	hnsw_sindi	10	0.6889	278.013
10	hotpotqa	hnsw_sindi	15	0.7839	260.745
10	hotpotqa	hnsw_sindi	20	0.8375	244.451
10	hotpotqa	hnsw_sindi	30	0.8959	217.656
10	hotpotqa	hnsw_sindi	50	0.9373	179.954
10	hotpotqa	hnsw_sindi	100	0.9748	126.695
10	hotpotqa	fhg	10	0.4933	724.568
10	hotpotqa	fhg	20	0.6498	466.847
10	hotpotqa	fhg	30	0.7189	359.197
10	hotpotqa	fhg	50	0.7979	258.386
10	hotpotqa	fhg	80	0.8474	186.653
10	hotpotqa	fhg	100	0.8713	157.683
10	hotpotqa	uhg	10	0.7619	437.811
10	hotpotqa	uhg	20	0.8634	340.272
10	hotpotqa	uhg	30	0.9	279.444
10	hotpotqa	uhg	50	0.9331	205.647
10	hotpotqa	uhg	80	0.9591	148.313
10	hotpotqa	uhg	100	0.9673	125.353
10	msmarco	hnsw	10	0.5317	1926.66
10	msmarco	hnsw	20	0.7268	1394.26
10	msmarco	hnsw	30	0.7995	1096.85
10	msmarco	hnsw	50	0.8675	779.035
10	msmarco	hnsw	80	0.9084	549.455
10	msmarco	hnsw	100	0.9222	453.914
10	msmarco	sindi	100	0.6897	456.967
10	msmarco	sindi	150	0.7305	425.344
10	msmarco	sindi	200	0.7525	394.952
10	msmarco	sindi	300	0.779	352.474
10	msmarco	sindi	500	0.8065	289.758
10	msmarco	sindi	1000	0.8397	201.213
10	msmarco	hnsw_sindi	10	0.7119	385.457
10	msmarco	hnsw_sindi	15	0.816	372.275
10	msmarco	hnsw_sindi	20	0.8644	356.195
10	msmarco	hnsw_sindi	30	0.9101	330.084
10	msmarco	hnsw_sindi	50	0.9452	285.739
10	msmarco	hnsw_sindi	100	0.9738	219.386
10	msmarco	fhg	10	0.2484	1091.13
10	msmarco	fhg	20	0.3944	736.313
10	msmarco	fhg	30	0.4946	523.536
10	msmarco	fhg	50	0.6137	373.86
10	msmarco	fhg	80	0.7068	261.504
10	msmarco	fhg	100	0.7602	251.381
10	msmarco	uhg	10	0.7256	640.591
10	msmarco	uhg	20	0.8601	553.644
10	msmarco	uhg	30	0.9047	476.265
10	msmarco	uhg	50	0.9403	392.689
10	msmarco	uhg	80	0.9597	306.838
10	msmarco	uhg	100	0.9649	265.883
10	dbpedia-entity	hnsw	10	0.510921	1189.34
10	dbpedia-entity	hnsw	20	0.693148	828.848
10	dbpedia-entity	hnsw	30	0.76531	629.036
10	dbpedia-entity	hnsw	50	0.830621	422.99
10	dbpedia-entity	hnsw	80	0.873019	281.262
10	dbpedia-entity	hnsw	100	0.884797	239.378
10	dbpedia-entity	sindi	100	0.586938	639.786
10	dbpedia-entity	sindi	150	0.617559	565.795
10	dbpedia-entity	sindi	200	0.64454	548.936
10	dbpedia-entity	sindi	300	0.680086	459.255
10	dbpedia-entity	sindi	500	0.719058	355.434
10	dbpedia-entity	sindi	1000	0.768523	210.662
10	dbpedia-entity	hnsw_sindi	10	0.662955	518.091
10	dbpedia-entity	hnsw_sindi	15	0.759743	463.959
10	dbpedia-entity	hnsw_sindi	20	0.8197	418.689
10	dbpedia-entity	hnsw_sindi	30	0.874304	357.869
10	dbpedia-entity	hnsw_sindi	50	0.918201	276.688
10	dbpedia-entity	hnsw_sindi	100	0.955032	177.408
10	dbpedia-entity	fhg	10	0.64197	665.768
10	dbpedia-entity	fhg	20	0.753533	441.151
10	dbpedia-entity	fhg	30	0.810707	336.211
10	dbpedia-entity	fhg	50	0.856531	237.084
10	dbpedia-entity	fhg	80	0.88651	167.496
10	dbpedia-entity	fhg	100	0.90364	143.784
10	dbpedia-entity	uhg	10	0.777088	561.473
10	dbpedia-entity	uhg	20	0.869379	417.629
10	dbpedia-entity	uhg	30	0.904711	347.493
10	dbpedia-entity	uhg	50	0.933833	225.449
10	dbpedia-entity	uhg	80	0.95803	157.129
10	dbpedia-entity	uhg	100	0.967024	125.435
10	fever	hnsw	10	0.4973	1169.44
10	fever	hnsw	20	0.6583	751.27
10	fever	hnsw	30	0.7237	554.832
10	fever	hnsw	50	0.7932	370.641
10	fever	hnsw	80	0.8425	244.856
10	fever	hnsw	100	0.8598	202.512
10	fever	sindi	100	0.8847	315.126
10	fever	sindi	150	0.9076	297.493
10	fever	sindi	200	0.9209	281.11
10	fever	sindi	300	0.9349	255.98
10	fever	sindi	500	0.9526	217.871
10	fever	sindi	1000	0.9702	157.689
10	fever	hnsw_sindi	10	0.7692	222.782
10	fever	hnsw_sindi	15	0.8549	198.497
10	fever	hnsw_sindi	20	0.8948	184.048
10	fever	hnsw_sindi	30	0.9341	170.617
10	fever	hnsw_sindi	50	0.9619	135.926
10	fever	hnsw_sindi	100	0.9833	92.5382
10	fever	fhg	10	0.1972	1376.54
10	fever	fhg	20	0.4119	615.327
10	fever	fhg	30	0.5452	413.452
10	fever	fhg	50	0.7101	257.557
10	fever	fhg	80	0.8289	171.022
10	fever	fhg	100	0.8692	140.961
10	fever	uhg	10	0.8141	328.321
10	fever	uhg	20	0.8963	261.466
10	fever	uhg	30	0.9235	191.643
10	fever	uhg	50	0.9511	126.588
10	fever	uhg	80	0.9696	93.6089
10	fever	uhg	100	0.9758	74.4005
20	nq	hnsw	20	0.55325	1004.96
20	nq	hnsw	40	0.70805	613.434
20	nq	hnsw	60	0.7729	444.776
20	nq	hnsw	100	0.8336	296.678
20	nq	hnsw	160	0.8774	201.062
20	nq	hnsw	200	0.89505	165.927
20	nq	sindi	200	0.6357	422.848
20	nq	sindi	300	0.67395	384.791
20	nq	sindi	400	0.6998	342.216
20	nq	sindi	600	0.73355	281.554
20	nq	sindi	1000	0.7704	206.204
20	nq	sindi	2000	0.8107	124.478
20	nq	hnsw_sindi	20	0.72595	355.322
20	nq	hnsw_sindi	30	0.82275	315.197
20	nq	hnsw_sindi	40	0.87035	284.114
20	nq	hnsw_sindi	60	0.91615	238.061
20	nq	hnsw_sindi	100	0.95135	183.308
20	nq	hnsw_sindi	200	0.9794	118.23
20	nq	fhg	20	0.6692	653.515
20	nq	fhg	40	0.78945	433.358
20	nq	fhg	60	0.8461	335.392
20	nq	fhg	100	0.89485	236.212
20	nq	fhg	160	0.92795	169.048
20	nq	fhg	200	0.9391	142.133
20	nq	uhg	20	0.86435	462.191
20	nq	uhg	40	0.9199	328.022
20	nq	uhg	60	0.94465	256.124
20	nq	uhg	100	0.9666	179.329
20	nq	uhg	160	0.9802	125.46
20	nq	uhg	200	0.98465	103.395
20	hotpotqa	hnsw	20	0.4456	732.119
20	hotpotqa	hnsw	40	0.604	437.016
20	hotpotqa	hnsw	60	0.68135	312.368
20	hotpotqa	hnsw	100	0.767	204.461
20	hotpotqa	hnsw	160	0.82595	134.833
20	hotpotqa	hnsw	200	0.84995	110.701
20	hotpotqa	sindi	200	0.77635	305.822
20	hotpotqa	sindi	300	0.81435	280.866
20	hotpotqa	sindi	400	0.83815	255.592
20	hotpotqa	sindi	600	0.8652	218.278
20	hotpotqa	sindi	1000	0.89515	169.795
20	hotpotqa	sindi	2000	0.92565	108.597
20	hotpotqa	hnsw_sindi	20	0.6997	243.497
20	hotpotqa	hnsw_sindi	30	0.79885	218.28
20	hotpotqa	hnsw_sindi	40	0.84945	197.358
20	hotpotqa	hnsw_sindi	60	0.90295	166.023
20	hotpotqa	hnsw_sindi	100	0.9499	126.104
20	hotpotqa	hnsw_sindi	200	0.98005	80.5977
20	hotpotqa	fhg	20	0.6235	471.029
20	hotpotqa	fhg	40	0.73975	301.066
20	hotpotqa	fhg	60	0.7983	228.784
20	hotpotqa	fhg	100	0.855	158.035
20	hotpotqa	fhg	160	0.89665	108.184
20	hotpotqa	fhg	200	0.91405	90.482
20	hotpotqa	uhg	20	0.8028	339.623
20	hotpotqa	uhg	40	0.88585	236.208
20	hotpotqa	uhg	60	0.92225	182.648
20	hotpotqa	uhg	100	0.95515	126.534
20	hotpotqa	uhg	160	0.9734	86.4711
20	hotpotqa	uhg	200	0.97855	71.396
20	msmarco	hnsw	20	0.5851	1378.79
20	msmarco	hnsw	40	0.76235	892.759
20	msmarco	hnsw	60	0.8259	675.084
20	msmarco	hnsw	100	0.8816	455.492
20	msmarco	hnsw	160	0.9167	310.437
20	msmarco	hnsw	200	0.92975	255.289
20	msmarco	sindi	200	0.7042	399.369
20	msmarco	sindi	300	0.73775	352.821
20	msmarco	sindi	400	0.75655	318.823
20	msmarco	sindi	600	0.7828	265.548
20	msmarco	sindi	1000	0.8103	198.475
20	msmarco	sindi	2000	0.84485	124.604
20	msmarco	hnsw_sindi	20	0.7527	356.811
20	msmarco	hnsw_sindi	30	0.8473	328.62
20	msmarco	hnsw_sindi	40	0.88705	307.245
20	msmarco	hnsw_sindi	60	0.92505	270.819
20	msmarco	hnsw_sindi	100	0.9574	221.28
20	msmarco	hnsw_sindi	200	0.9803	154.389
20	msmarco	fhg	20	0.3936	895.518
20	msmarco	fhg	40	0.5624	549.523
20	msmarco	fhg	60	0.65415	416.158
20	msmarco	fhg	100	0.75835	295.07
20	msmarco	fhg	160	0.8191	217.82
20	msmarco	fhg	200	0.8463	183.165
20	msmarco	uhg	20	0.7993	545.944
20	msmarco	uhg	40	0.90595	432.738
20	msmarco	uhg	60	0.93675	356.52
20	msmarco	uhg	100	0.95945	266.63
20	msmarco	uhg	160	0.97315	191.721
20	msmarco	uhg	200	0.9774	161.785
20	dbpedia-entity	hnsw	20	0.559315	841.906
20	dbpedia-entity	hnsw	40	0.720236	502.992
20	dbpedia-entity	hnsw	60	0.786938	362.464
20	dbpedia-entity	hnsw	100	0.842505	235.873
20	dbpedia-entity	hnsw	160	0.885011	156.506
20	dbpedia-entity	hnsw	200	0.899036	127.953
20	dbpedia-entity	sindi	200	0.594111	600.328
20	dbpedia-entity	sindi	300	0.631692	505.539
20	dbpedia-entity	sindi	400	0.659101	439.487
20	dbpedia-entity	sindi	600	0.695824	346.157
20	dbpedia-entity	sindi	1000	0.732227	243.666
20	dbpedia-entity	sindi	2000	0.781906	141.776
20	dbpedia-entity	hnsw_sindi	20	0.708779	425.036
20	dbpedia-entity	hnsw_sindi	30	0.799036	357.584
20	dbpedia-entity	hnsw_sindi	40	0.84454	310.975
20	dbpedia-entity	hnsw_sindi	60	0.891542	247.511
20	dbpedia-entity	hnsw_sindi	100	0.931906	176.722
20	dbpedia-entity	hnsw_sindi	200	0.965418	105.291
20	dbpedia-entity	fhg	20	0.72666	439.597
20	dbpedia-entity	fhg	40	0.817773	256.794
20	dbpedia-entity	fhg	60	0.848287	176.207
20	dbpedia-entity	fhg	100	0.88651	140.43
20	dbpedia-entity	fhg	160	0.914454	83.8154
20	dbpedia-entity	fhg	200	0.927944	73.1552
20	dbpedia-entity	uhg	20	0.823769	406.614
20	dbpedia-entity	uhg	40	0.894325	269.27
20	dbpedia-entity	uhg	60	0.931477	196.934
20	dbpedia-entity	uhg	100	0.955889	132.25
20	dbpedia-entity	uhg	160	0.970985	83.778
20	dbpedia-entity	uhg	200	0.977302	68.1308
20	fever	hnsw	20	0.5107	749.208
20	fever	hnsw	40	0.66605	443.143
20	fever	hnsw	60	0.7314	313.854
20	fever	hnsw	100	0.8003	202.132
20	fever	hnsw	160	0.8464	132.813
20	fever	hnsw	200	0.86515	107.963
20	fever	sindi	200	0.85775	280.805
20	fever	sindi	300	0.88405	256.236
20	fever	sindi	400	0.9027	235.233
20	fever	sindi	600	0.92245	201.841
20	fever	sindi	1000	0.94295	158.191
20	fever	sindi	2000	0.9618	101.752
20	fever	hnsw_sindi	20	0.7632	178.788
20	fever	hnsw_sindi	30	0.85425	164.645
20	fever	hnsw_sindi	40	0.89495	139.759
20	fever	hnsw_sindi	60	0.93465	107.382
20	fever	hnsw_sindi	100	0.9665	85.307
20	fever	hnsw_sindi	200	0.9853	52.3904
20	fever	fhg	20	0.393	597.579
20	fever	fhg	40	0.62445	312.654
20	fever	fhg	60	0.7454	218.101
20	fever	fhg	100	0.8559	141.344
20	fever	fhg	160	0.91725	95.8876
20	fever	fhg	200	0.9303	80.1026
20	fever	uhg	20	0.84145	249.98
20	fever	uhg	40	0.91685	169.201
20	fever	uhg	60	0.94355	129.049
20	fever	uhg	100	0.96585	86.0553
20	fever	uhg	160	0.9788	57.4751
20	fever	uhg	200	0.9839	48.2479
200	nq	hnsw	200	0.5377	164.957
200	nq	hnsw	400	0.699835	89.6824
200	nq	hnsw	600	0.772895	63.5183
200	nq	hnsw	1000	0.84377	40.559
200	nq	hnsw	1600	0.890885	26.9057
200	nq	hnsw	2000	0.908855	22.0828
200	nq	sindi	2000	0.636165	124.19
200	nq	sindi	3000	0.681445	88.7146
200	nq	sindi	4000	0.71282	69.1351
200	nq	sindi	6000	0.751995	48.071
200	nq	sindi	10000	0.79885	29.979
200	nq	sindi	20000	0.85095	15.5247
200	nq	hnsw_sindi	200	0.724225	118.737
200	nq	hnsw_sindi	300	0.826095	87.6157
200	nq	hnsw_sindi	400	0.878205	70.4241
200	nq	hnsw_sindi	600	0.92886	51.5896
200	nq	hnsw_sindi	1000	0.9656	33.7702
200	nq	fhg	200	0.834595	140.635
200	nq	fhg	400	0.89481	79.9498
200	nq	fhg	600	0.920845	56.0648
200	nq	fhg	1000	0.94616	35.8289
200	nq	fhg	2000	0.96904	19.654
200	nq	uhg	200	0.889685	105.105
200	nq	uhg	400	0.945535	58.1213
200	nq	uhg	600	0.96537	40.6841
200	nq	uhg	1000	0.981005	25.9726
200	nq	uhg	2000	0.992315	14.1323
200	hotpotqa	hnsw	200	0.49477	111.295
200	hotpotqa	hnsw	400	0.657925	59.6832
200	hotpotqa	hnsw	600	0.73669	41.6727
200	hotpotqa	hnsw	1000	0.81689	26.6379
200	hotpotqa	hnsw	1600	0.873355	17.6086
200	hotpotqa	hnsw	2000	0.89462	14.5134
200	hotpotqa	sindi	2000	0.7219	108.46
200	hotpotqa	sindi	3000	0.76623	79.815
200	hotpotqa	sindi	4000	0.79512	63.2509
200	hotpotqa	sindi	6000	0.83041	44.6856
200	hotpotqa	sindi	10000	0.868915	28.2905
200	hotpotqa	sindi	20000	0.910295	14.824
200	hotpotqa	hnsw_sindi	200	0.722345	80.8545
200	hotpotqa	hnsw_sindi	300	0.828065	60.0561
200	hotpotqa	hnsw_sindi	400	0.883745	48.0616
200	hotpotqa	hnsw_sindi	600	0.936635	34.8355
200	hotpotqa	hnsw_sindi	1000	0.9718	22.8024
200	hotpotqa	fhg	200	0.811285	90.8143
200	hotpotqa	fhg	400	0.88179	51.1519
200	hotpotqa	fhg	600	0.9132	36.259
200	hotpotqa	fhg	1000	0.94129	23.3445
200	hotpotqa	fhg	2000	0.966115	12.9585
200	hotpotqa	uhg	200	0.8764	71.875
200	hotpotqa	uhg	400	0.94123	39.3483
200	hotpotqa	uhg	600	0.963205	27.6096
200	hotpotqa	uhg	1000	0.980005	17.4167
200	hotpotqa	uhg	2000	0.99152	9.61545
200	msmarco	hnsw	200	0.616325	258.196
200	msmarco	hnsw	400	0.78463	138.163
200	msmarco	hnsw	600	0.84501	95.349
200	msmarco	hnsw	1000	0.8961	59.4813
200	msmarco	hnsw	1600	0.926335	38.4709
200	msmarco	hnsw	2000	0.938215	31.1845
200	msmarco	sindi	2000	0.69257	124.368
200	msmarco	sindi	3000	0.726575	90.2589
200	msmarco	sindi	4000	0.749795	71.296
200	msmarco	sindi	6000	0.77988	50.3456
200	msmarco	sindi	10000	0.815565	31.8561
200	msmarco	sindi	20000	0.858765	16.7838
200	msmarco	hnsw_sindi	200	0.777195	155.148
200	msmarco	hnsw_sindi	300	0.86615	80.0158
200	msmarco	hnsw_sindi	400	0.90541	65.4882
200	msmarco	hnsw_sindi	600	0.942635	50.2446
200	msmarco	hnsw_sindi	1000	0.96961	33.0517
200	msmarco	fhg	200	0.785845	182.33
200	msmarco	fhg	400	0.867225	107.302
200	msmarco	fhg	600	0.899375	76.2267
200	msmarco	fhg	1000	0.928925	49.2362
200	msmarco	fhg	2000	0.951255	26.5579
200	msmarco	uhg	200	0.88421	162.455
200	msmarco	uhg	400	0.94968	91.2042
200	msmarco	uhg	600	0.965455	62.9231
200	msmarco	uhg	1000	0.977655	39.0602
200	msmarco	uhg	2000	0.98761	20.2046
200	dbpedia-entity	hnsw	200	0.566638	127.247
200	dbpedia-entity	hnsw	400	0.732206	67.5429
200	dbpedia-entity	hnsw	600	0.799229	46.7736
200	dbpedia-entity	hnsw	1000	0.860375	23.9328
200	dbpedia-entity	hnsw	1600	0.901295	13.6788
200	dbpedia-entity	hnsw	2000	0.916199	10.9918
200	dbpedia-entity	sindi	2000	0.609625	142.018
200	dbpedia-entity	sindi	3000	0.655439	100.548
200	dbpedia-entity	sindi	4000	0.685332	78.0033
200	dbpedia-entity	sindi	6000	0.723929	54.5681
200	dbpedia-entity	sindi	10000	0.76637	34.3185
200	dbpedia-entity	sindi	20000	0.809283	18.6545
200	dbpedia-entity	hnsw_sindi	200	0.732495	104.78
200	dbpedia-entity	hnsw_sindi	300	0.832602	74.2174
200	dbpedia-entity	hnsw_sindi	400	0.880471	58.4224
200	dbpedia-entity	hnsw_sindi	600	0.925653	41.2175
200	dbpedia-entity	hnsw_sindi	1000	0.959347	26.2067
200	dbpedia-entity	fhg	200	0.837388	81.4923
200	dbpedia-entity	fhg	400	0.900128	44.49
200	dbpedia-entity	fhg	600	0.924786	31.0872
200	dbpedia-entity	fhg	1000	0.945792	19.9016
200	dbpedia-entity	fhg	2000	0.965054	10.3868
200	dbpedia-entity	uhg	200	0.892291	92.2457
200	dbpedia-entity	uhg	400	0.946178	48.2076
200	dbpedia-entity	uhg	600	0.963469	33.4684
200	dbpedia-entity	uhg	1000	0.978233	20.7456
200	dbpedia-entity	uhg	2000	0.989957	10.988
200	fever	hnsw	200	0.483595	108.342
200	fever	hnsw	400	0.635525	57.7978
200	fever	hnsw	600	0.709675	39.9126
200	fever	hnsw	1000	0.785705	25.1827
200	fever	hnsw	1600	0.842925	16.4554
200	fever	hnsw	2000	0.86522	13.4756
200	fever	sindi	2000	0.787135	84.7183
200	fever	sindi	3000	0.825365	64.1566
200	fever	sindi	4000	0.849035	46.3602
200	fever	sindi	6000	0.877965	32.847
200	fever	sindi	10000	0.90834	21.0639
200	fever	sindi	20000	0.939535	11.6142
200	fever	hnsw_sindi	200	0.73548	54.6214
200	fever	hnsw_sindi	300	0.830515	40.3605
200	fever	hnsw_sindi	400	0.88002	35.6039
200	fever	hnsw_sindi	600	0.927835	30.3894
200	fever	hnsw_sindi	1000	0.96347	21.2112
200	fever	fhg	200	0.82353	79.4975
200	fever	fhg	400	0.890385	44.4283
200	fever	fhg	600	0.91629	31.5383
200	fever	fhg	1000	0.93988	20.3174
200	fever	fhg	2000	0.962025	11.2415
200	fever	uhg	200	0.88503	64.7531
200	fever	uhg	400	0.94561	34.65
200	fever	uhg	600	0.96531	23.9627
200	fever	uhg	1000	0.98031	15.1406
200	fever	uhg	2000	0.991405	8.17361
